date,headline,source,summary,category,directional_score
2024-10-18,"Nvidia Teases Record Breakout, Leading These 19 Perfect Stocks",Yahoo,"Nvidia reclaims perfect status as it joins Broadcom, Arm and Arista Networks on this screen highlighting top stocks in top groups.",Neutral,0.35
2024-10-18,Semiconductor ETFs: Not-So-Shocking Growth,SeekingAlpha,Semiconductor sales were $53.1 billion in August - a record for August and a 20.6% year-over-year increase. Click to read.,Neutral,0.2
2024-10-18,QQQ: AI Growth Inflection Is Gaining Steam,SeekingAlpha,"QQQ is closing in on its July 2024 highs, driven by AI growth themes, despite lagging behind the S&P 500 due to value stock resurgence. Explore more details here.",Neutral,0.25
2024-10-19,These 8 Index ETFs Are a Retirees Best Friend,Yahoo,Each ETF quickly invests you in a wide range of dividend-paying stocks -- and dividends are powerful wealth builders.,Neutral,0.0
2024-10-19,Broadcom: Spinning Revenue Into Shareholder Gold,SeekingAlpha,"Broadcoms AI-driven growth remains robust, with recent strategic moves solidifying its position in the AI and cloud technology sectors.",Bullish,0.75
2024-10-19,Should You Buy Semiconductor Stocks Right Now?,Yahoo,NVIDIA is trading at new highs again. Is it too late to get in or is there still time?,Neutral,0.1
2024-10-20,Broadcom Inc. (AVGO) Reports 47% Revenue Growth Driven by AI Demand; Mizuho Raises Price Target to $220 Amid Promising Collaboration with OpenAI,Yahoo,"We recently compiled a list of the 20 Trending AI Stocks on Latest News and Ratings. In this article, we are going to take a look at where Broadcom Inc. (NASDAQ:AVGO) stands against the other trending AI stocks. S&P 500 to Reach 6,000 by Year-End Amid AI Boom and Earnings Growth Joining CNBC’s Squawk Box to […]",Bullish,0.9
2024-10-21,Baron Opportunity Fund Q3 2024 Shareholder Letter,SeekingAlpha,"During Q3 2024, Baron Opportunity Fund rose 4.04% (Inst) outperforming the Russell 3000 Growth Index . Click here to read the full fund letter.",Neutral,0.0
2024-10-22,Broadcom to Host VMware Explore 2024 Barcelona for Customers and Partners,Yahoo,"PALO ALTO, Calif., Oct. 22, 2024 (GLOBE NEWSWIRE) -- Broadcom Inc. (NASDAQ: AVGO), which recently acquired VMware, is hosting VMware Explore 2024 Barcelona November 4-7 at the Fira Gran Via, featuring a variety of breakout sessions, certification training, and labs spanning relevant technology and industry topics. On Tuesday, November 5, 2024, at 9:00 a.m. CET, Broadcom President and CEO Hock Tan will address VMware Explore attendees during the general session keynote titled “Shaping the Future",Neutral,0.3
2024-10-23,My Dividend Stock Portfolio: New September Dividend Record - 100 Holdings With 12 Buys,SeekingAlpha,"Septembers investment activity was minimal, with $1,000 invested mainly in Business Development Companies. Check out my dividend stock portfolio.",Neutral,0.0
2024-10-23,"Top Stock Reports for NVIDIA, Microsoft & Broadcom",Yahoo,"Todays Research Daily features new research reports on 16 major stocks, including NVIDIA Corporation (NVDA), Microsoft Corporation (MSFT) and Broadcom Inc. (AVGO), as well as a micro-cap stocks Comstock Holding Companies, Inc. (CHCI).",Neutral,0.3
2024-10-24,"Nvidia Stock Gains. How Tesla, SK Hynix Are Helping.",MarketWatch,"Nvidia Stock Gains. How Tesla, SK Hynix Are Helping.",Neutral,0.0
2024-10-25,Nasdaq hits first record high since July,MarketWatch,Nasdaq hits first record high since July,Neutral,0.1
2024-10-25,Here are the Reasons to Invest in Broadcom (AVGO),Yahoo,"Baron Funds, an investment management company, released its “Baron Opportunity Fund” third quarter 2024 investor letter. A copy of the letter can be downloaded here. In the third quarter, the fund rose 4.04% (Institutional Shares), outperformed the Russell 3000 Growth Index, which gained 3.42%, and lagged the S&P 500 Index, which advanced 5.89%. In the […]",Bullish,0.7
2024-10-25,Nvidia Narrowly Misses Joining This Screen Of 18 Golden Gems,Yahoo,"Despite breaking out to a record high, Nvidia doesnt quite make this elite screen. Heres why.",Neutral,0.0
2024-10-27,"Jim Cramer Says ‘I Like Broadcom Inc. (AVGO), I Like Hock Tan’",Yahoo,"We recently compiled a list of the Jim Cramer on Tesla and Other Stocks. In this article, we are going to take a look at where Broadcom Inc. (NASDAQ:AVGO) stands against the other stocks Jim Cramer is talking about. Jim Cramer, host of Mad Money, emphasized the ongoing significance of fossil fuels in supporting technological advancements, […]",Neutral,0.45
2024-10-28,Baron Technology Fund Q3 2024 Shareholder Letter,SeekingAlpha,"During Q3 2024, Baron Technology Fund (I) rose 3.85% outperforming the MSCI ACWI Information Technology index. Click here to read the full fund letter.",Neutral,0.0
2024-10-28,Astera Labs: A Hyper Growth Story In Its Early Chapters,SeekingAlpha,"Astera Labs poised for growth with Scorpio Smart Fabric Switches, leading PCIe retimers, and high complexity Blackwell server solutions. Find out why I rate ALAB Strong Buy.",Neutral,0.0
2024-10-29,nLight (LASR) Soars 28.1%: Is Further Upside Left in the Stock?,Yahoo,nLight (LASR) was a big mover last session on higher-than-average trading volume. The latest trend in earnings estimate revisions might not help the stock continue moving higher in the near term.,Neutral,0.0
2024-10-29,Broadcom Inc. (AVGO) Stock Dips While Market Gains: Key Facts,Yahoo,"In the most recent trading session, Broadcom Inc. (AVGO) closed at $172.02, indicating a -0.57% shift from the previous trading day.",Neutral,-0.35
2024-10-30,Broadcom: Needs To Divest From China,SeekingAlpha,"Broadcom shares have outperformed, which defied my personal expectations of a strong sell due to geopolitical risks, particularly their exposure to China. Read more here.",Bearish,-0.7
2024-10-30,SCD: An Excellent Choice For Investors Seeking Income Or Total Return,SeekingAlpha,"LMP Capital and Income Fund is trading at a 6.11% discount to NAV, offering an attractive entry. Learn more about the potential of SCD CEF in your portfolio.",Neutral,0.0
2024-10-30,"Exclusive-OpenAI builds first chip with Broadcom and TSMC, scales back foundry ambition",Yahoo,"OpenAI is working with Broadcom and TSMC to build its first in-house chip designed to support its artificial intelligence systems, while adding AMD chips alongside Nvidia chips to meet its surging infrastructure demands, sources told Reuters.  OpenAI, the fast-growing company behind ChatGPT, has examined a range of options to diversify chip supply and reduce costs.  OpenAI considered building everything in-house and raising capital for an expensive plan to build a network of factories known as foundries for chip manufacturing.",Bullish,0.85
2024-10-31,This Is the Best-Performing ETF of the Last 10 Years. Is It Still a Buy?,Yahoo,"Semiconductor stocks have been big winners, but this one has topped its peers.",Neutral,0.0
2024-11-04,Broadcom Inc. stock underperforms Monday when compared to competitors,MarketWatch,Broadcom Inc. stock underperforms Monday when compared to competitors,Neutral,-0.3
2024-11-04,"2 Supercharged Stocks to Buy in November, and 1 to Avoid",Yahoo,"These AI stocks could hit new highs in 2025, but a popular Bitcoin alternative could flame out.",Neutral,0.1
2024-11-05,Refine Your Stock Picks With This Customizable Tool. Heres How.,DowJones,Refine Your Stock Picks With This Customizable Tool. Heres How.,Neutral,0.0
2024-11-05,"Broadcom Unveils VeloRAIN, an Industry-First for Robust AI Networking Beyond the Data Center",Yahoo,"Introducing Titan, the New Broadcom Advantage Partner Program for VeloCloud Managed Service ProvidersBARCELONA, Spain, Nov. 05, 2024 (GLOBE NEWSWIRE) -- To accelerate enterprises’ readiness to further connect and support AI and non-AI workloads, Broadcom Inc. (NASDAQ: AVGO) today announced major advancements across its VeloCloud product portfolio as well as a new partner program. This includes: The launch of the VeloRAIN (Robust AI Networking) architecture that uses AI/ML to improve the performa",Bullish,0.75
2024-11-05,Intel: Dont Bet On The Wrong Horse In The AI Race,SeekingAlpha,"Intel stocks improved outlook has mitigated recent selling intensity. Still, I argue why betting on the wrong horse (INTC) isnt wise, as the AI growth inflection takes center stage.",Neutral,0.1
2024-11-05,"Harris defends CHIPS Act ahead of election, while Trump criticizes it",Yahoo,"The CHIPS and Science Act was passed with bipartisan support in August 2022 as a means to jumpstart and bolster domestic semiconductor manufacturing within the US. Ahead of the 2024 Election Day on Tuesday, Vice President Kamala Harris defended the investments made into American chipmaking and the broader domestic industrial sector. Yahoo Finance special reporter Akiko Fujita highlights the political tensions arising around future of the CHIPS Act following comments made by House Speaker Mike Johnson (R) and former President and Republican candidate Donald Trump, as well as the potential impacts the US election results could have on major semiconductor players. Catch Yahoo Finances interview with Intel (INTC) CEO Pat Gelsinger on the chip companys third quarter earnings results and its CHIPS Act fundings. To watch more expert insights and analysis on the latest market action, check out more Catalysts here. This post was written by Luke Carberry Mogan.",Neutral,0.15
2024-11-06,Buy 3 Tech Giants With Extensive AI Applications Amid Solid Upside,Yahoo,"Three stocks to buy with extensive AI applications are GOOGL, ADBE, AVGO.",Bullish,0.65
2024-11-06,Billionaire Steve Cohen Sold 67.5% of His Stake in This AI Stock-Split and Is Piling Into a Warren Buffett Favorite,Yahoo,Steve Cohen owns the New York Mets and runs the large hedge fund Point72 Asset Management.,Neutral,0.0
2024-11-14,Nvidia Stock Rises. The Chip Sector Finally Got Some Good News.,MarketWatch,Nvidia Stock Rises. The Chip Sector Finally Got Some Good News.,Neutral,0.15
2024-11-15,Nvidia Gets a Price Target Hike. The Stock Is Down Anyway.,MarketWatch,Nvidia Gets a Price Target Hike. The Stock Is Down Anyway.,Neutral,0.1
2024-11-15,Lee Ainslies Strategic Moves in Q3 2024: A Deep Dive into Coupang Incs Significant Reduction,Yahoo,Insights into Maverick Capitals Latest 13F Filings,Neutral,0.0
2024-11-16,"Meet the Stock-Split Stock That Soared by 11,210% Over the Past 15 Years. Now, Its Poised to Join Nvidia, Apple, Microsoft, Amazon, Alphabet, Meta, and Tesla in the $1 Trillion Club by 2026",Yahoo,"Chipmaker and software specialist Broadcom continues to generate robust growth, fueling the next generation of artificial intelligence.",Bullish,0.8
2024-11-18,Broadcom: 3 Reasons We Love This Stock,Yahoo,"Broadcom currently trades at $165.14 and has been a dream stock for shareholders. It’s returned 431% since November 2019, blowing past the S&P 500’s 87.9% gain. The company has also beaten the index over the past six months as its stock price is up 16.8%. This was partly thanks to its solid quarterly results, and the run-up might have investors contemplating their next move.",Bullish,0.7
2024-11-19,Nvidia Stock Gains. Watch These Key Figures Ahead of the AI Chip Maker’s Earnings.,MarketWatch,Nvidia Stock Gains. Watch These Key Figures Ahead of the AI Chip Maker’s Earnings.,Neutral,0.1
2024-11-19,The Next Big Theme: November 2024,SeekingAlpha,OpenAI is collaborating with Broadcom and Taiwan Semiconductor to develop its first ever proprietary chip. Click to read.,Bullish,0.65
2024-11-19,Fidelity Balanced Fund Q3 2024 Review,SeekingAlpha,Fidelity Balanced Fund invests across a mix of stocks and bonds â with a 60%/40% neutral allocation â in seeking income and capital growth.,Neutral,0.0
2024-11-19,Jim Cramer Sees Bright Future for Broadcom (AVGO) Amid AI Expansion and Strong Client Deals,Yahoo,"We recently published a list of Jim Cramer’s Latest Mad Money Episode: Top 10 Stocks to Watch. In this article, we are going to take a look at where Broadcom Inc (NASDAQ:AVGO) stands against other stocks on Jim Cramer’s top stocks to watch list. Jim Cramer in a latest program on CNBC made the case […]",Neutral,0.55
2024-11-19,BlackRock Large Cap Focus Growth V.I. Fund Q3 2024 Commentary,SeekingAlpha,BlackRock Large Cap Focus Growth V.I. Fund posted a return of 1.40% (Class I shares) for the third quarter of 2024.,Neutral,0.0
2024-11-21,AMD: Its Like 2017 All Over Again,SeekingAlpha,"AMDs growth in AI data center GPUs, driven by strong product launches and a robust roadmap, positions it to challenge Nvidias dominance.",Neutral,0.0
2024-11-22,Taiwan Semiconductor: A Golden Buying Opportunity,SeekingAlpha,"TSM is 18% undervalued, driven by its unique strategic positioning, cutting-edge technologies, and strong financials. Read more about TSM stock here.",Neutral,0.0
2024-11-23,SIXG: The Next Big Tech Wave,SeekingAlpha,"Invest in the Defiance Connective Technologies ETF (SIXG) for exposure to leading 5G, IoT, and cloud companies in the tech revolution. Read more here.",Neutral,0.0
2024-11-25,Is Broadcom Inc. (AVGO) the Best Stock to Invest in for the Next 3 Months?,Yahoo,"We recently published a list of 12 Best Stocks to Invest in for the Next 3 Months. In this article, we are going to take a look at where Broadcom Inc. (NASDAQ:AVGO) stands against other best stocks to invest in for the next 3 months. On November 13, Morgan Stanley published an analysis highlighting potential […]",Bullish,0.65
2024-11-26,VMware’s first contentious year under Broadcom drives customers to weigh other options,Yahoo,"The chipmaker consolidated the ubiquitous virtualization product suite into one big private cloud platform, leaving customers with a difficult business decision.",Bearish,-0.7
2024-11-29,Dell: I Am Buying The Drop (Technical Analysis),SeekingAlpha,"Dell Technologies is emerging as a key player in AI, with significant capex and a strong performance in AI server orders. Find out why I rate DELL stock a buy.",Neutral,0.15
2024-12-01,Broadcom: Im Very Thankful For This Pullback,SeekingAlpha,Broadcom remains well-positioned to capitalize on the surge in hyperscale spending in 2025. Read why I maintain my buy rating on AVGO stock.,Bullish,0.7
2024-12-03,Repositioning for 2025? Check out chip and small-cap stocks.,Yahoo,"US stocks (^DJI,^GSPC, ^IXIC) are trading near record highs ahead of the new year. How should investors position their portfolios in 2025? Bokeh Capital Partners founder and chief investment officer Kimberly Forrest joins Seana Smith and Brad Smith on Morning Brief to share her 2025 portfolio repositioning strategy, focusing on semiconductor stocks and small-cap allocation. I would look at that super semiconductor space and make some adjustments, Forrest tells Yahoo Finance, explaining, It feels like semiconductors that are targeted on AI seem very overweight, and you should take a look at that. Names like Nvidia (NVDA), Taiwan Semiconductor Manufacturer Company (TSM), and Broadcom (AVGO) are among some of the top year-to-date gainers in the chip space. The strategist highlights potential opportunities in small-caps with a market capitalization of at least $1 billion. Those mid-size companies are kind of forgotten recently and theyre also misunderstood. She adds, A lot of the lore on Wall Street says that mid-cap companies and small-cap companies mostly serve where they are founded in the US, and I disagree with that. I think a lot of the mid-caps are global companies... and I think those are the ones that you should be on the lookout for. To watch more expert insights and analysis on the latest market action, check out more Morning Brief here. This post was written by Naomi Buchanan.",Neutral,-0.25
2024-12-03,BofA double upgrades Credo stock after strong Q3 print,Yahoo,"Investing.com -- BofA Securities analysts double upgraded Credo Technology Group Holding Ltd (NASDAQ:CRDO) stock from Underperform to Buy on Tuesday, following the company’s strong earnings report that sent its shares rocketing over 30% in premarket trading Tuesday.",Neutral,0.0
2024-12-05,Columbia Global Technology Growth Fund Q3 2024 Commentary,SeekingAlpha,"Columbia Global Technology Growth Fund Institutional Class shares returned -0.94% for the three months ended September 30, 2024. Click here to read the full commentary.",Neutral,0.0
2024-12-06,HSBC Initiates Coverage on Broadcom Inc. (AVGO) with ‘Hold’ Rating Amid Rising AI Revenues and High Valuation,Yahoo,"We recently compiled a list of the 10 AI News Investors Should Not Miss. In this article, we are going to take a look at where Broadcom Inc. (NASDAQ:AVGO) stands against the other AI stocks investors should not miss. During an appearance on CNBC’s Squawk Box Europe, Matt Calkins, CEO of Appian, discussed the outlook for […]",Neutral,-0.3
2024-12-07,"Prediction: These 3 Vanguard ETFs Underperformed the S&P 500 This Year, but Theyll Beat the Index in 2025",Yahoo,"Its been a great year for the S&P 500, with many top growth stocks and value stocks hitting all-time highs.  The Vanguard Dividend Appreciation ETF (NYSEMKT: VIG), Vanguard S&P 500 Value ETF (NYSEMKT: VOOV), and the Vanguard Energy ETF (NYSEMKT: VDE) have all underperformed the S&P 500 so far in 2024.",Neutral,0.0
2024-12-08,Wall Street Week Ahead,SeekingAlpha,"Stay updated on the latest financial news with Wall Street Breakfast, including earnings reports and economic indicators.",Neutral,0.0
2024-12-10,Prediction: This Artificial Intelligence (AI) Chip Stock Is Going to Skyrocket After Dec. 12,Yahoo,"There is no doubt that Nvidia (NASDAQ: NVDA) is the dominant player in the market for artificial intelligence (AI) chips, as its graphics processing units (GPUs) have played a central role in training popular AI models such as ChatGPT and Llama.  As a result, Nvidias data center revenue rose by a remarkable 112% year over year in the third quarter of its fiscal 2025 to a record $30.8 billion, while AMDs revenue from this segment came in at just $3.5 billion in its most recently reported quarter.  At the same time, some investors seem a tad concerned about the relative slowdown in Nvidias growth.",Neutral,0.0
2024-12-10,"Broadcom Likely For Upside Backed By AI Pipeline, Market Recovery, VMWare Synergy: Analyst",Yahoo,"JP Morgan analyst Harlan Sur maintained an Overweight rating on Broadcom Inc (NASDAQ:AVGO) with a price target of $210. Broadcom will report fiscal fourth-quarter 2024 earnings on Thursday. Sur noted a strong demand profile for AI products, continued cyclical recovery in its diversified semiconductor (ex-AI) end markets, and unlocked VMWare revenue synergy. As a result, the analyst expects revenue, earnings, and free cash flow to be better than JP Morgan and consensus expectations (revenues comi",Bullish,0.85
2024-12-12,"November PPI, Adobe earnings, Trump at NYSE: 3 Things",Yahoo,"US stock futures (ES=F, NQ=F, YM=F) fall Thursday morning following the release of Novembers Novembers Producer Price Index (PPI) — which saw inflation rise more than expected for the month — and a rise of weekly jobless claims by 242,000. Adobe (ADBE) shares slide further despite topping its fiscal fourth quarter earnings estimates while falling behind full-year guidance forecasts. Broadcom (AVGO) will report its fiscal fourth quarter performance after Thursdays closing bell. Meta Platforms (META) donates $1 million to President-elect Donald Trumps inaugural fund. The 2024 election winner was named Times Person of the Year and is set to ring the opening bell on the New York Stock Exchange today. To watch more expert insights and analysis on the latest market action, check out more Morning Brief here. This post was written by Luke Carberry Mogan.",Neutral,0.0
2024-12-13,Broadcom Joins $1 Trillion Market Cap Club as Stock Soars on AI Demand,Yahoo,"Shares of Broadcom soared on Friday, launching the chipmaker into the small club of public companies worth more than $1 trillion.",Bullish,0.9
2024-12-13,Broadcom surges on AI outlook as ‘Magnificent 7’ stocks hit new highs: Yahoo Finance,Yahoo,"Shares of Broadcom (AVGO) jumped after the chip company reported better-than-expected Q4 earnings and forecasted a surge in sales due to demand for its AI products. It comes as many “Magnificent Seven” stocks hit new highs this week, including Apple (AAPL), Tesla (TSLA), Alphabet (GOOG, GOOGL), and Amazon (AMZN). Other trending tickers on Yahoo Finance include Uber (UBER), Costco (COST), and GameStop (GME). Key guests include:9:05 a.m. ET - Stacy Rasgon, Bernstein Managing Director and Senior Analyst9:30 a.m. ET - Erin Browne, PIMCO Portfolio Manager9:45 a.m. ET - Corey Tarlowe, Jefferies Senior VP Equity Research10:05 a.m. ET - Stephanie Guild, Robinhood Financial, Head of Investment Strategy11:25 a.m. ET - Daryl Fairweather, Redfin Chief Economist",Bullish,0.9
2024-12-14,"8 Funds For Potential $5,000 Monthly Income And Financial Freedom",SeekingAlpha,"Learn how to build a diversified fund-based portfolio for passive income and potential market-matching growth, generating $5,000 monthly income.",Neutral,0.0
2024-12-14,Britain’s economy forecast to flatline after GDP blow,Yahoo,"Britain will fall into stagnation in the final three months of this year, economists have predicted, as Sir Keir Starmer’s mission to turbocharge growth fails to ignite.",Neutral,0.0
2024-12-15,"The Best Stocks to Invest $50,000 in Right Now",Yahoo,"Broadcom, AMD, and TSMC are all great long-term investments.",Neutral,0.45
2024-12-17,"S&P 500 Gains and Losses Today: Tesla Stock Boosted by AI, Self-Driving Optimism",Yahoo,"The S&P 500 added 0.4% on Monday, Dec. 16, as tech stocks edged higher ahead of this weeks Federal Reserve interest-rate announcement.",Neutral,0.0
2024-12-17,Is Broadcom a Buy?,Yahoo,"In order to assess Broadcoms prospects in relation to its valuation, one has to dissect its product portfolio, which spans both semiconductor and software products.  The most exciting segment is Broadcoms AI semiconductor portfolio, which consists of custom AI accelerators, or XPUs, which enable third parties to design their own AI accelerators, as well as its leading data center networking chips.  The rest of Broadcoms chip portfolio consists of profitable but lower-growth broadband, telecom, and mobile chipsets.",Neutral,0.55
2024-12-21,Applied Materials: Buy And Hold This Stock For A Long Time,SeekingAlpha,"Applied Materials stock has maintained a break-even return despite weak consumer demand, making it a promising long-term investment. See more on AMAT here.",Neutral,0.0
2024-12-23,"Broadcom, AMD and other chip stocks are leading the S&P 500 higher",MarketWatch,"Broadcom, AMD and other chip stocks are leading the S&P 500 higher",Neutral,0.55
2024-12-25,Prediction: This Artificial Intelligence (AI) Chip Stock Will Rebound in Spectacular Fashion in 2025,Yahoo,Some stocks just cant seem to fetch much enthusiasm.,Neutral,0.0
2024-12-26,Why Nvidia bulls shouldn’t fear Amazon and Broadcom,Yahoo,"Nvidia has trounced rivals when it comes to AI. But could the chip giant be at risk of losing its crown? Yahoo Finance Executive Editor Brian Sozzi asked Bank of America chip analyst Vivek Arya to walk through whether or not Nvidia (NVDA) investors should be afraid of Amazon (AMZN) and Broadcom (AVGO) taking too much of the pie. The short answer? No. The long answer? When you look at Nvidias market share, it is 80-85% in the next 12-18 months, he explains. Of course, he cautions that changes are always possible, so staying diligent about your investments is key. For full episodes of Opening Bid, listen on your favorite podcast platform or watch on our website. This post was written by Rachael Lewis-Krisky, producer for Opening Bid.",Neutral,-0.3
2024-12-26,IHAK: Capture Sector Growth In Cybersecurity,SeekingAlpha,iShares Cybersecurity and Tech ETF offers a diversified portfolio of top-performing cybersecurity stocks. Read more to see why I rate IHAK a Buy.,Neutral,0.0
2024-12-28,"Dividend Champion, Contender, And Challenger Highlights: Week Of December 29",SeekingAlpha,"Stay up to date on dividend activity with a weekly summary for Dividend Champions, Contenders, and Challengers, including changes and upcoming dates.",Neutral,0.0
2024-12-29,3 Artificial Intelligence (AI) Dividend Growth Stocks to Buy and Hold for the Long Term,Yahoo,Top-notch dividend-paying AI stocks are available to investors who want a combination of capital gains and passive income.,Neutral,0.45
2025-01-03,The AI Arms Race: Can Broadcom (AVGO) Compete with Nvidia?,Yahoo,"We recently published a list of Wall Street Is Focusing on These 10 AI Stocks as New Year Begins. In this article, we are going to take a look at where Broadcom Inc. (NASDAQ:AVGO) stands against other stocks Wall Street is focusing on as the new year begins. Dan Niles, Niles Investment Management founder, recently […]",Neutral,0.15
2025-01-03,Nvidias Blackwell could propel 2025 revenue to $200B: Strategist,Yahoo,"Nvidia (NVDA) is at the front and center of conversations concerning the AI trade as investors eye the chipmakers early 2025 deliveries for its Blackwell GPUs (graphic processing units). We see significant upside once the delivery numbers ramp up. We think theyre going to be able to exceed $200 billion in revenue just from this product launch for this year, Spear Invest Founder and CIO Ivana Delevska forecasts. Delevska joins Madison Mills in the Yahoo Finance studio to talk about this years prospects for the artificial intelligence landscape, including her bull cases for semiconductor competitors Broadcom (AVGO) and Marvell Technology (MRVL). Now we are getting into a phase where we need physical build-out of data centers and power associated with them. And the US has gone through a period of time where the power infrastructure has not really been upgraded, both on the grid and the generation side, Delevska says about the role energy providers like Vistra (VST) and Constellation Energy (CEG) will play in powering AI data center infrastructure. So as weve brought more renewables to market, the reliability is much lower of the grid. So what were going to see is power prices spike up in order to incentivize new supply coming to market. To watch more expert insights and analysis on the latest market action, check out more Catalysts here. This post was written by Luke Carberry Mogan.",Neutral,0.5
2025-01-06,3 Top Artificial Intelligence (AI) Stocks Ready for a Bull Run,Yahoo,"One of the biggest themes that helped drive the market last year was artificial intelligence (AI).  Known as one of the U.S. governments most important vendors, Palantir Technologies (NASDAQ: PLTR) and its data gathering and analytics solutions have been used for such critical tasks as fighting terrorism and tracking COVID-19 cases.  While many large tech companies have focused on developing the best AI models, Palantir instead has decided to focus on the applications and workflow layers of AI software to improve logic and functionality.",Neutral,0.0
2025-01-06,Reflecting On Processors and Graphics Chips Stocks’ Q3 Earnings: SMART (NASDAQ:SGH),Yahoo,"Quarterly earnings results are a good time to check in on a company’s progress, especially compared to its peers in the same sector. Today we are looking at SMART (NASDAQ:SGH) and the best and worst performers in the processors and graphics chips industry.",Neutral,0.0
2025-01-07,Meet the 5 Generative AI Stocks on the Cutting Edge of a $1.3 Trillion Opportunity by 2032,Yahoo,These companies arent Magnificent for nothing. The looming growth in generative AI is a game changer.,Neutral,0.25
2025-01-08,This Stock-Split Stock Is Up 40% in a Month. Is It Too Late to Buy?,Yahoo,"Few stocks had an end to 2024 like Broadcom (NASDAQ: AVGO).  In November, Broadcom had already crossed the $800 billion mark.  After the stocks recent surge, many might wonder if it can keep the momentum going in 2025.",Neutral,0.1
2025-01-08,"The Zacks Analyst Blog Highlights Taiwan Semiconductor Manufacturing, Qualcomm, International Business Machines, Broadcom and Marvell Technology",Yahoo,"Taiwan Semiconductor Manufacturing, Qualcomm, International Business Machines, Broadcom and Marvell Technology are part of the Zacks top Analyst Blog.",Neutral,0.2
2025-01-08,6 December Raises And A 6.18% Portfolio Yield,SeekingAlpha,"The income-focused RIG portfolio gained 14.71% in 2024, with a 6.3% yield heading into 2025. Click here to find out more about RIG portfolio.",Neutral,0.0
2025-01-10,"Prediction: This Powerhouse AI Stock Will Join Nvidia, Broadcom, Tesla, and Others in the $1 Trillion Club Within 4 Years",Yahoo,"United States Steel became the first $1 billion company in 1901.  That involves filling them with thousands of graphics processors (GPUs), which are specialized chips designed to ingest and process mountains of data for AI workloads.",Neutral,0.0
2025-01-10,The Bottom Fishing Club: Unloved STMicroelectronics Ready For A 2025 Turnaround,SeekingAlpha,STMicroelectronics today represents the bargain pick in the high-flying semiconductor sector. Find out why STM stock is a Buy.,Neutral,0.0
2025-01-13,"Marvell: All-In On AI, Where To Be A Buyer On The Chart",SeekingAlpha,"Marvell Technology is seeing strong AI growth, despite potential challenges. Find out why MRVL stock offers potential upside and a good buy on dips.",Neutral,0.0
2025-01-14,"The 3 Best Chip Stocks to Buy for 2025, According to an Analyst",MarketWatch,"The 3 Best Chip Stocks to Buy for 2025, According to an Analyst",Neutral,0.4
2025-01-17,Madison Investments 2024 Year-End U.S. Equity Letter,SeekingAlpha,"The stock market had another strong year in 2024, led by the S&P 500 Indexâs 25% return. Click here to read the full fund letter.",Neutral,0.0
2025-01-20,ClearBridge Appreciation ESG Strategy Q4 2024 Commentary,SeekingAlpha,The ClearBridge Appreciation ESG Strategy outperformed the benchmark S&P 500 Index in the fourth quarter of 2024. Click here to read the full commentary.,Neutral,0.0
2025-01-21,Intel Gets The Elon Musk Premium; Buyout Outcomes Discussed,SeekingAlpha,"Intel stock surged on rumors of a potential buyout involving Elon Musk, suggesting a 20%-30% premium. Click here to read more on the possible INTC buyout.",Neutral,0.0
2025-01-25,"Stock Market Today: Indexes Close Near Days Lows; Nvidia Ends Winning Streak, Tesla Reverses Lower (Live Coverage)",DowJones,"Stock Market Today: Indexes Close Near Days Lows; Nvidia Ends Winning Streak, Tesla Reverses Lower (Live Coverage)",Neutral,0.0
2025-01-27,Nvidia Has A DeepSeek Problem,SeekingAlpha,Nvidia is dropping more than 8% in pre-market as news of Chinas DeepSeek model performance trend in the media. Check out what investors need to know.,Neutral,0.0
2025-01-28,"These Stocks Moved the Most Today: Nvidia, Broadcom, GE Vernova, Vistra, AT&T, SoFi, Akero, Tesla, and More",MarketWatch,"These Stocks Moved the Most Today: Nvidia, Broadcom, GE Vernova, Vistra, AT&T, SoFi, Akero, Tesla, and More",Neutral,0.0
2025-01-28,Nvidia and other chip stocks are bouncing. Is now the time to buy?,MarketWatch,Nvidia and other chip stocks are bouncing. Is now the time to buy?,Neutral,0.2
2025-01-28,DeepSeek Adds Another Risk Supporting Our Nvidia Thesis,SeekingAlpha,Nvidias stock underperforms due to a $6M open-source threat. Learn why NVDA stock faces risks from high valuation and rising competition in AI technology.,Neutral,0.0
2025-01-28,"Nvidia, Broadcom rally in premarket trade",MarketWatch,"Nvidia, Broadcom rally in premarket trade",Neutral,0.4
2025-01-29,ClearBridge Appreciation Fund Q4 2024 Commentary,SeekingAlpha,US equities delivered positive gains in the fourth quarter and finished the 12-month period up 25% for the second year in a row. Read more here.,Neutral,0.0
2025-01-29,ClearBridge Large Cap Growth ESG Strategy Q4 2024 Commentary,SeekingAlpha,The ClearBridge Large Cap Growth ESG Strategy underperformed its Russell 1000 Growth Index benchmark in the fourth quarter. Read more here.,Neutral,0.0
2025-01-30,Broadcom Stock Gains. Why the AI Chip Maker Got a Boost From Meta.,MarketWatch,Broadcom Stock Gains. Why the AI Chip Maker Got a Boost From Meta.,Bullish,0.7
2025-02-03,Celestica: Its Simple. Let Your Winners Run,SeekingAlpha,DeepSeeks influence on Celestica diminishes as AI infrastructure grows. Read why CLS stock remains a key AI pick for investors looking beyond Nvidia.,Neutral,0.0
2025-02-04,Horizon Kinetics Q4 2024 Commentary,SeekingAlpha,Horizon Kinetics have published their Q4 2024 Commentary. Howâd we do? Howâd the market do? What to expect now? Click here to find out.,Neutral,0.0
2025-02-04,Broadcom: Potentially DeepSeeks Biggest Beneficiary - Reiterate Buy,SeekingAlpha,Broadcoms growth is driven by hyperscaler demand for custom AI accelerator chips. Click here to read why we are reiterating our Buy rating for AVGO stock.,Bullish,0.8
2025-02-05,ClearBridge Growth Portfolios Q4 2024 Commentary,SeekingAlpha,"Performance was supported in the quarter by AI-indexed semiconductor and software provider Broadcom, along with a cohort of disruptors. Read more here.",Neutral,0.45
2025-02-05,Stock Market Today: Dow Jones Gains As Nvidia Rises; Google Dives On Massive AI Spending Plan (Live Coverage),DowJones,Stock Market Today: Dow Jones Gains As Nvidia Rises; Google Dives On Massive AI Spending Plan (Live Coverage),Neutral,0.0
2025-02-05,Franklin Income SMA Q4 2024 Commentary,SeekingAlpha,US stocks collectively rose in the fourth quarter of 2024 despite retreating in December. Read more here.,Neutral,0.0
2025-02-06,Fidelity Contrafund Q4 2024 Review,SeekingAlpha,"For Q4 2024, the Fidelity Contrafunds Retail Class shares gained 3.56%, topping the 2.41% advance of the S&P 500Â® index. Click here to read the full commentary.",Neutral,0.0
2025-02-06,Tracking William Von Muefflings Cantillon Capital Management Portfolio - Q4 2024 Update,SeekingAlpha,William von Muefflingâs 13F portfolio value increased to $16.55B. Check out the holdings of Cantillon Capital Management Portfolio here.,Neutral,0.0
2025-02-16,"Stock Market At Pivotal Level; AI Giants Amazon, Broadcom Near Buy Points",DowJones,"Stock Market At Pivotal Level; AI Giants Amazon, Broadcom Near Buy Points",Bullish,0.65
2025-02-17,Broadcom and Marvell Could Be the Big Losers If Arm Moves Into Chipmaking. Here’s Why.,MarketWatch,Broadcom and Marvell Could Be the Big Losers If Arm Moves Into Chipmaking. Here’s Why.,Bearish,-0.7
2025-02-17,Stanley Druckenmiller bought Tesla and these tech stocks last quarter,MarketWatch,Stanley Druckenmiller bought Tesla and these tech stocks last quarter,Neutral,0.0
2025-02-18,Wall Street Lunch: GameStop Raises Eyebrows With International Store Sales,SeekingAlpha,GameStop (GME) announced that it intends to pursue a sale of its operations in France and Canada.,Neutral,0.0
2025-02-18,Janus Henderson Growth And Income Managed Account Q4 2024 Commentary,SeekingAlpha,The Portfolio returned 0.65% (gross) and the S&P 500Â® Index returned 2.41%. Read more here.,Neutral,0.0
2025-02-19,Intel Stock Keeps Gaining. Why There Are Obstacles to a TSMC-Broadcom Carve-Up.,MarketWatch,Intel Stock Keeps Gaining. Why There Are Obstacles to a TSMC-Broadcom Carve-Up.,Neutral,-0.1
2025-02-19,"Dow Jones Futures Fall After S&P 500 Hits High Despite Meta, Amazon Slide; This Leader Breaks Out",DowJones,"Dow Jones Futures Fall After S&P 500 Hits High Despite Meta, Amazon Slide; This Leader Breaks Out",Neutral,0.0
2025-02-19,"IWLG: A Good Growth ETF, But Not The Best",SeekingAlpha,"Discover key insights on IWLG, an actively managed ETF with tech focus. Explore its performance vs. SCHG and Russell 1000 Growth.",Neutral,0.0
2025-02-19,Harding Loevner Global Developed Markets Equity Q4 2024 Report,SeekingAlpha,"The Harding Loevner Global Developed Markets Equity composite fell 1.0% (gross) in Q4 2024, while the MSCI World Index was about flat. Click here to read more.",Neutral,0.0
2025-02-19,Intel Breakup Mulled As Vultures Circle Struggling Chipmaker,DowJones,Intel Breakup Mulled As Vultures Circle Struggling Chipmaker,Neutral,0.0
2025-02-20,QQQ: My Preferred Way To Bet On AI And US Exceptionalism,SeekingAlpha,QQQ is a tech-heavy ETF that provides a diversified bet on AI and the quality of top US Mag7 plays. Learn more about QQQ and why it is rated as a Buy.,Neutral,0.15
2025-02-21,Should Broadcom really buy parts of Intel? It could be ‘extremely lucrative.’,MarketWatch,Should Broadcom really buy parts of Intel? It could be ‘extremely lucrative.’,Neutral,0.45
2025-02-22,Allspring Core Bond Fund Q4 2024 Commentary,SeekingAlpha,The Bloomberg U.S. Aggregate Bond Index fell 3.06% for the fourth quarter of 2024. Click here to read the full commentary.,Neutral,0.0
2025-02-24,Columbia Flexible Capital Income Fund Q4 2024 Commentary,SeekingAlpha,Columbia Flexible Capital Income Fund Institutional Class shares returned -0.67% in Q4 2024. Click here to read the full commentary.,Neutral,0.0
2025-02-26,Voya Balanced Large Cap Core-Value SMA (Merrill Lynch) Q4 2024 Commentary,SeekingAlpha,"For the quarter ended December 31, 2024, the SMA outperformed the Index on a gross-of-fees basis due to favorable stock selection. Read more here.",Neutral,0.0
2025-02-28,Tracking Chase Colemans Tiger Global Portfolio - Q4 2024 Update,SeekingAlpha,"Tiger Globals 13F reveals a $26.46B portfolio with top holdings in Meta, Microsoft & Alphabet. Read here for an update on additions and decreases.",Neutral,0.0
2025-03-03,Alger Capital Appreciation Fund Q4 2024 Commentary,SeekingAlpha,Class A shares of the Alger Capital Appreciation Fund outperformed the Russell 1000 Growth Index during the fourth quarter of 2024. Read more here.,Neutral,0.0
2025-03-03,"Intel Stock Rises. Nvidia, Broadcom Are Potential Customers—Report.",MarketWatch,"Intel Stock Rises. Nvidia, Broadcom Are Potential Customers—Report.",Neutral,0.35
2025-03-04,TSMC Faces Pressure to Keep Some Chip Tech in Taiwan. What That Means for Intel.,MarketWatch,TSMC Faces Pressure to Keep Some Chip Tech in Taiwan. What That Means for Intel.,Neutral,0.0
2025-03-05,"TSMC Stock: If You Were Waiting For A Discount, Here It Is",SeekingAlpha,TSMC maintains a dominant position in the high end of the semiconductor sector that looks rock solid. Click here to find out why TSM stock is a Strong Buy.,Neutral,0.0
2025-03-06,PY: Unconvincing Shareholder Yield ETF,SeekingAlpha,Principal Value ETFs shareholder yield strategy may offer long-term growth despite recent underperformance against market benchmarks. Read more here.,Neutral,0.0
2025-03-06,Marvell Stock Tumbles Despite Earnings Beat From AI Chip Maker,MarketWatch,Marvell Stock Tumbles Despite Earnings Beat From AI Chip Maker,Neutral,0.0
2025-03-07,Broadcom Inc.: Fiscal Q1 Earnings Snapshot,Finnhub,"PALO ALTO, Calif. — PALO ALTO, Calif. — Broadcom Inc. on Thursday reported fiscal first-quarter net income of $5.5 billion. On a per-share basis, the Palo Alto, California-based company said...",Neutral,0.2
2025-03-07,Intel Stock Drops. Broadcom’s CEO Isn’t Interested in a Products Unit Deal.,MarketWatch,Intel Stock Drops. Broadcom’s CEO Isn’t Interested in a Products Unit Deal.,Neutral,0.1
2025-03-10,SOXQ: Buy The Semiconductor Sell-Off,SeekingAlpha,"The SOXQ ETF is -10.4% over the past year, and -7% YTD. The fund is oversold relative to recent earnings reports. Explore more details here.",Neutral,0.2
2025-03-11,Broadcom: A $1 Trillion Valuation Is Still Undervalued,SeekingAlpha,Broadcoms diversified portfolio positions it well for sustained growth and a $1 trillion market cap. Learn why I rate AVGO stock a buy.,Bullish,0.7
2025-03-12,Invesco Equally-Weighted S&P 500 Fund Q4 2024 Commentary,SeekingAlpha,The fundâs underweights and stock selection in the information technology and consumer discretionary sectors had the largest negative effect on relative return.,Neutral,0.0
2025-03-13,Intel’s incoming Malaysian-born CEO is the latest Fortune 500 semiconductor exec to hail from Asia,Yahoo,"Lip-Bu Tan, who was born in Malaysia and went to university in Singapore, will take over as Intels CEO on March 18. The news sent shares up over 10%.",Neutral,0.0
2025-03-14,"Tariff odds, TSMCs foundry goals, new Intel CEO: Top Chip Stories",Yahoo,"Investors weigh the US position in the AI chip landscape after President Donald Trump took aim at the CHIPS & Science Act, a Biden-era policy that invested billions into the sector and domestic semiconductor manufacturing. Tufts University international history professor at the Fletcher School Christopher Miller examines the future of the CHIPS Act, as well as other top themes and stories in the chip space, like Taiwan Semiconductor Manufacturing Companys (TSM) reported talks to run Intels foundry business (INTC), Intels new CEO, and more. Miller is also the author of Chip War: The Fight for the World’s Most Critical Technology. To watch more expert insights and analysis on the latest market action, check out more Market Domination here.",Neutral,0.0
2025-03-15,This Chip Company Is a No-Brainer Dividend Stock to Buy on the Nasdaq Correction,Yahoo,"The tech sector has been getting hammered so far this year, down 10.5% at the time of this writing, which is slightly worse than the Nasdaq Composite.  The Nasdaq is in a correction -- down over 13% from its all-time high at the time of this writing.  Semiconductor stocks like Nvidia and Broadcom are down even further.",Neutral,0.0
2025-03-15,Our Top 10 Dividend High Growth Stocks - March 2025,SeekingAlpha,We use our proprietary models to rate stocks quantitatively and qualitatively. Read here for an analysis of our top picks in the current environment.,Neutral,0.1
2025-03-21,Where Will Marvell Technology Stock Be in 3 Years?,Yahoo,"Semiconductor stocks have delivered decent returns over the past three years, which is evident from the 38% gains clocked by the PHLX Semiconductor Sector index during this period.  Marvell Technology (NASDAQ: MRVL) is one such name.  Shares of the chipmaker have remained almost flat during this period, and thats largely due to the recent plunge in its share price.",Neutral,0.0
2025-03-21,ARKKs Best Setup In Years: A Case For Outperformance,SeekingAlpha,"ARKK is shifting top holdings, led by Palantir, which is driving growth and outperformance vs. QQQ ETF. Read here for more on ARKK ETF.",Neutral,0.0
2025-03-24,Why Investors Need to Take Advantage of These 2 Computer and Technology Stocks Now,Yahoo,Investors looking for ways to find stocks that are set to beat quarterly earnings estimates should check out the Zacks Earnings ESP.,Neutral,0.0
2025-03-25,Broadcom Extends 200G/lane DSP PHY Leadership for Next-Generation AI Infrastructure,Yahoo,"Sian3: State-of-the-art 3nm DSP PHY delivers industry’s lowest power consumption with enhanced performance for 800G and 1.6T optical transceivers over SMF Sian2M: Industry’s first 200G/lane DSP with integrated VCSEL drivers enables low-power short-reach MMF links in AI clusters PALO ALTO, Calif., March 25, 2025 (GLOBE NEWSWIRE) -- Broadcom Inc. (NASDAQ: AVGO) today announced the expansion of its industry-leading 200G/lane DSP PHY portfolio with the introduction of Sian3 and Sian2M, purpose-built",Bullish,0.8
2025-03-27,ClearBridge Large Cap Value Fund Q4 2024 Commentary,SeekingAlpha,Our quality bias in materials and utilities stood out the most in a quarter that saw a reversal of some of 2024âs themes.,Neutral,0.0
2025-03-27,Why Broadcom (AVGO) Stock Is Falling Today,Yahoo,"Shares of fabless chip and software maker Broadcom (NASDAQ:AVGO) fell 5.4% in the afternoon session after stocks pulled back (Nasdaq -1.5%, S&P 500 -1.5%) amid fresh concerns about trade tariffs. The pullback followed comments from President Trump clarifying the scope of his administrations 25% tariffs on Venezuela. He noted that it would apply to any country that does business with Venezuela. For example, 25% is on top of the already-in-place 20% tariff on China because China imports oil from",Bearish,-0.7
2025-03-28,How A Bearish Trade On Broadcom Stock Could Help Reduce Exposure,Yahoo,One way for investors to reduce exposure is to add some bearish option trades to their portfolios. Broadcom stock is one possibility.,Neutral,-0.3
2025-03-28,"Tariffs, Tech Sluggishness, Gold, Bitcoin, And Inflation",SeekingAlpha,"Contextualizing auto tariff news for investors, tech sluggishness, Novo Nordisk, GameStop slide. Gold, Bitcoin, volatility and inflation.",Neutral,0.0
2025-03-31,Synaptics: A Painful Transition,SeekingAlpha,"Synaptics IoT transition caused major revenue losses and volatility, keeping me cautious despite an 80% drop from its peak. Read more about SYNA stock here.",Neutral,0.0
2025-04-02,"Paramount downgraded, Broadcom upgraded: Wall Streets top analyst calls",Yahoo,"Paramount downgraded, Broadcom upgraded: Wall Streets top analyst calls",Bullish,0.85
2025-04-02,2 Growth Stocks and 1 ETF to Buy Even If the Stock Market Keeps Falling in 2025,Yahoo,"At the time of this writing, the growth-heavy Nasdaq Composite is down by more than 10% year to date -- underperforming the S&P 500 and Dow Jones Industrial Average -- both of which are also down, but by lesser degrees.  Daniel Foelber (Broadcom): Network connectivity and semiconductor giant Broadcom has given up all the gains it made after reporting its fiscal 2024 fourth-quarter results in December.",Neutral,0.55
2025-04-02,Lord Abbett Affiliated Fund Q4 2024 Commentary,SeekingAlpha,"The Fund returned 0.07% reflecting performance at the net asset value of Class I shares with all distributions reinvested for the quarter ended September 30, 2024.",Neutral,0.0
2025-04-04,Why An Intel-TSMC Marriage Makes Sense,SeekingAlpha,"Intel (INTC) would maintain a significant stake, while TSMC (TSM) would get a 20% stake in exchange for training and sharing expertise. See more here.",Neutral,0.0
2025-04-08,3 Reliable Dividend Growth Stocks to Escape Market Turmoil,Yahoo,"Dvidend growth stocks like TPR, GIL and AVGO are a major source of consistent income for investors when returns from the equity market are at risk.",Bullish,0.65
2025-04-08,Advanced Micro Devices Stock Gets a Downgrade. Nvidia and Intel Are Part of the Problem.,MarketWatch,Advanced Micro Devices Stock Gets a Downgrade. Nvidia and Intel Are Part of the Problem.,Neutral,0.0
2025-04-08,"Trending tickers: Tesla, US Steel, Broadcom, Levis and Porsche",Yahoo,The latest investor updates on stocks that are trending on Tuesday.,Neutral,0.0
2025-04-09,"The Zacks Analyst Blog Highlights Apple, NVIDIA and Broadcom",Yahoo,"Apple, NVIDIA and Broadcom are included in this Analyst Blog.",Neutral,0.2
2025-04-10,Nvidia Stock Runs Out of Steam After Tariff Rally. But There’s Good News.,MarketWatch,Nvidia Stock Runs Out of Steam After Tariff Rally. But There’s Good News.,Neutral,0.0
2025-04-10,ClearBridge Growth Strategy Q1 2025 Commentary,SeekingAlpha,The ClearBridge Growth Strategy underperformed its Russell Midcap Growth Index benchmark in the first quarter. Read more here.,Neutral,0.0
2025-04-12,Why Im Downgrading Broadcom To A Hold (Technical Analysis),SeekingAlpha,Broadcom stock faces a 30% drop with bearish trends despite solid earnings and a buyback plan. Read here for a technical analysis of AVGO stock.,Bearish,-0.75
2025-04-12,Here are this week’s 20 best-performing stocks as the S&P 500 rallied,MarketWatch,Here are this week’s 20 best-performing stocks as the S&P 500 rallied,Neutral,0.0
2025-04-13,ClearBridge Appreciation ESG Strategy Q1 2025 Commentary,SeekingAlpha,"Marketâs sector performance exhibited a defensive posture in Q1 with health care, consumer staples, utilities and real estate the top-performing industries, outside of energy.",Neutral,0.0
2025-04-13,Stock Market Volatility Got You Down? Buy These Top Vanguard Dividend ETFs to Help Lessen the Blow.,Yahoo,"The stock market has been rocked by volatility this year.  The S&P 500 was recently down by about 10% since the calendar flipped the page to 2025.  While you cant eliminate market volatility from your portfolio, you can reduce its sting.",Neutral,0.0
2025-04-17,Why Tech Stocks Crashed on Wednesday,Yahoo,"The tech market took it on the chin on Wednesday as the trade war picked up steam and the Federal Reserve sounds like its not going to bail out the market.  Big tech in both the U.S. and China were hit hard today.  Broadcom (NASDAQ: AVGO) fell as much as 6.7%, Alibaba Group (NYSE: BABA) dropped 5.6%, and JD.com (NASDAQ: JD) fell 6.4%.",Bearish,-0.35
2025-04-21,1 Artificial Intelligence (AI) Stock-Buyback Stock to Buy Hand Over Fist During the Nasdaq Sell-Off,Yahoo,Artificial intelligence (AI) stocks are sliding as the Nasdaq falters.,Neutral,0.1
2025-04-21,Why Broadcom Inc. (AVGO) is a Top Growth Stock for the Long-Term,Yahoo,The Zacks Style Scores offers investors a way to easily find top-rated stocks based on their investing style. Heres why you should take advantage.,Neutral,0.35
2025-04-22,Nvidia Stock Gains. Amazon May Not Be Cutting AI Spending After All.,MarketWatch,Nvidia Stock Gains. Amazon May Not Be Cutting AI Spending After All.,Neutral,0.2
2025-04-23,Should You Forget Nvidia and Buy These 2 Millionaire-Maker Stocks Instead?,Yahoo,"Nvidia has turned out to be one of the hottest stocks on the market in the past decade, as the company has delivered phenomenal gains of more than 19,700% during this period and bested the S&P 500 indexs gains of 156% by a massive margin.  What this means is that an investment of $5,100 made in Nvidia a decade ago is now worth just over a million dollars.  Investors who had the foresight to put this much money into Nvidia 10 years ago and had the patience to hold the stock for such a long time are now sitting on handsome gains, becoming millionaires in the process.",Neutral,0.0
2025-04-24,2 Top-Ranked Dividend Stocks That Boast Solid Growth Potential,Yahoo,"Investors have become defensive, raising the appeal of dividend stocks. Broadcom and Primoris are two stocks with solid growth prospects.",Bullish,0.65
2025-04-24,"Cloudflare, Shopify, Monday.com, Broadcom, and Marvell Technology Shares Are Soaring, What You Need To Know",Yahoo,"A number of stocks jumped in the morning session after President Trump clarified that he had no intention of removing Federal Reserve Chair Jerome Powell, a statement that helped calm markets. Earlier remarks had sparked fears of political interference in decision-making at the central bank. With Trump walking back his earlier comments, investors likely felt more assured that monetary policy decisions would continue to be guided by data, not drama. That kept the Feds word credible, and more imp",Bullish,0.7
2025-04-26,"These 2 Artificial Intelligence (AI) Chip Stocks Could Soar 50% to 112% in the Next Year, According to Wall Street",Yahoo,"This has been a difficult year for semiconductor stocks, which is evident from the 23% decline in the PHLX Semiconductor Sector index so far.  Also worth noting here is that 89% of analysts covering Broadcom recommend buying it.",Bullish,0.75
2025-04-29,Nvidia Stock Falls. This Huawei Breakthrough Won’t Help.,MarketWatch,Nvidia Stock Falls. This Huawei Breakthrough Won’t Help.,Neutral,0.0
2025-04-30,TSMC Stock Gets Trump Boost. Intel Thinks It Knows How to Strike Back.,MarketWatch,TSMC Stock Gets Trump Boost. Intel Thinks It Knows How to Strike Back.,Neutral,0.0
2025-05-01,Franklin Rising Dividends Fund Q1 2025 Commentary,SeekingAlpha,"Over the quarter, Franklin Rising Dividends Fund was more resilient than its benchmark, the S&P 500 Index. Read more here.",Neutral,0.0
2025-05-01,Nvidia Stock Rises. The AI Trade Is So Back.,MarketWatch,Nvidia Stock Rises. The AI Trade Is So Back.,Neutral,0.25
2025-05-02,Broadcom and JinkoSolar have been highlighted as Zacks Bull and Bear of the Day,Yahoo,Broadcom and JinkoSolar have been highlighted as Zacks Bull and Bear of the Day.,Bullish,0.7
2025-05-02,2 Semiconductor Stocks Known to Outperform in May,Yahoo,AMAT and AVGO finished May higher in nine of the last 10 years,Bullish,0.65
2025-05-04,ClearBridge Appreciation ESG Portfolios Q1 2025 Commentary,SeekingAlpha,"Despite a fast start to the year, a broad-based rally propelled the S&P 500 Index +2.8% in January, the market struggled for traction in the first quarter of 2025.",Neutral,0.0
2025-05-07,"TDC Q1 Earnings Beat Estimates, Revenues Fall Y/Y, Stock Down",Yahoo,Teradatas first-quarter 2025 results reflect strong cloud services and profitability amid declining total ARR and revenue growth.,Neutral,0.0
2025-05-08,Paycom Stock Gains as Q1 Earnings and Revenues Beat Estimates,Yahoo,"PAYCs Q1 results reflect benefits from increased sales momentum, international expansion and artificial intelligence integration in products.",Neutral,0.0
2025-05-08,"Amdocs Q2 Earnings Top Estimates, Stock Falls on Dim Q3 Profit Outlook",Yahoo,"DOXs Q2 earnings growth reflects benefits from the phase-out of certain low-margin, non-core business activities and disciplined cost management.",Neutral,0.0
2025-05-13,"Nvidia, Broadcom, AMD Rally as U.S. and China Ease Trade Barriers",Yahoo,Chip Sector Spikes as Tariffs Fall to 30% for Three Months,Bullish,0.75
2025-05-13,What Makes Broadcom (AVGO) A Leader in Critical Technology Markets?,Yahoo,"Baron Funds, an investment management company, released its “Baron Technology Fund” first quarter 2025 investor letter. A copy of the letter can be downloaded here. Market trends are often driven by sentiment in addition to fundamental elements, and the first quarter of 2025 was a clear example of this. January saw a strong performance for […]",Neutral,0.4
2025-05-14,"Nvidia is Dow’s top-performing stock, lifting semiconductor ETFs",MarketWatch,"Nvidia is Dow’s top-performing stock, lifting semiconductor ETFs",Neutral,0.2
2025-05-14,"Nvidia, AMD extend stock gains. Why the AI trade is roaring back.",MarketWatch,"Nvidia, AMD extend stock gains. Why the AI trade is roaring back.",Neutral,0.25
2025-05-19,Broadcom Inc. (AVGO) Unveils Third-Gen Co-Packaged Optics with 200G/Lane Speed,Yahoo,"Broadcom Inc. (NASDAQ:AVGO) first established its leadership in co-packaged optics (CPO) in 2021 with the introduction of its first-generation Tomahawk 4-Humboldt chipset. This early entry allowed the company to gain a head start on the CPO supply chain, creating room for innovation and early adoption. The initial chipset featured several groundbreaking technologies, including high-density integrated […]",Bullish,0.8
2025-05-22,"Prediction: 1 Data Center Stock That Could Join Nvidia, Broadcom, and Taiwan Semiconductor Manufacturing as a Trillion-Dollar Business by 2030",Yahoo,"Nvidia, Broadcom, and Taiwan Semiconductor are currently the only chip stocks that boast a valuation of $1 trillion or more.",Neutral,0.0
2025-05-22,"Dow Jones Futures Fall As Houses Passes Trump Tax Bill, Bitcoin Tops $110,000; Snowflake Jumps, Tesla Killer Unveiled",DowJones,"Dow Jones Futures Fall As Houses Passes Trump Tax Bill, Bitcoin Tops $110,000; Snowflake Jumps, Tesla Killer Unveiled",Neutral,0.0
2025-05-23,Why Quantum Computing Stocks Rocketed Higher on Thursday,Yahoo,"Rather, it seemed to have more to do with some grand pronouncements by a single quantum company executive.  Industry standard-bearers Quantum Computing (NASDAQ: QUBT), Rigetti Computing (NASDAQ: RGTI), and D-Wave Quantum (NYSE: QBTS) all saw their share prices inflate at double-digit rates.",Neutral,0.0
2025-05-27,Nvidia Earnings In Focus As This AI Chip Peer Broadcom Etches A Breakout,DowJones,Nvidia Earnings In Focus As This AI Chip Peer Broadcom Etches A Breakout,Bullish,0.7
2025-05-27,Brokers Suggest Investing in Broadcom Inc. (AVGO): Read This Before Placing a Bet,Yahoo,"According to the average brokerage recommendation (ABR), one should invest in Broadcom Inc. (AVGO). It is debatable whether this highly sought-after metric is effective because Wall Street analysts recommendations tend to be overly optimistic. Would it be worth investing in the stock?",Bullish,0.7
2025-05-28,Jim Cramer on Broadcom Inc (AVGO): “This Stock Has Been a Horse”,Yahoo,"We recently published a list of Jim Cramer Had These 21 Stocks on His Radar. In this article, we are going to take a look at where Broadcom Inc. (NASDAQ:AVGO) stands against other stocks that Jim Cramer discusses. When a caller expressed bullishness toward Broadcom Inc. (NASDAQ:AVGO), Cramer commented: “Broadcom is good, my friend. It’s […]",Neutral,0.55
2025-05-28,"Broadcom, Arista Networks initiated: Wall Streets top analyst calls",Yahoo,"Broadcom, Arista Networks initiated: Wall Streets top analyst calls",Neutral,0.15
2025-05-29,"Trees Dont Grow To The Sky, But Nvidia Does",SeekingAlpha,Nvidia Corporation beats Q1 expectations with AI-driven growth and strong gaming results. Click for my look at NVDA earnings and a look at the competition.,Neutral,0.0
2025-05-30,Marvell Stock Slides. Why It Could Be the Cheap AI Chip Play.,MarketWatch,Marvell Stock Slides. Why It Could Be the Cheap AI Chip Play.,Neutral,-0.25
2025-05-30,Wall Street Roundup: The Fog Of Tariffs,SeekingAlpha,Nvidia gets another shrug from Wall Street post-earnings and tariff uncertainty continues.,Neutral,-0.2
2025-05-31,The Weekend: Food inflation dampens hopes of a rate cut as tariff twists and turns continue,Yahoo,"Key moments from the last seven days, plus a glimpse at the week ahead",Neutral,0.0
2025-06-02,"Jobs Report, Lululemon, Dollar Tree, Broadcom, and More Stocks to Watch this Week",Yahoo,"Campbell’s and Hewlett Packard Enterprise will also report earnings, and Friday’s jobs report headlines the week’s economic data.",Neutral,0.1
2025-06-03,Broadcom ships latest networking chip to speed AI,Yahoo,"SAN FRANCISCO (Reuters) -Broadcom has begun to ship its latest networking chip  that aims to speed AI, the company said on Tuesday.  The chip, called the Tomahawk 6, boasts double the performance compared with the prior version and other traffic control features that make the networking chip significantly more efficient, Ram Velaga, a Broadcom senior vice president, told Reuters in a Monday interview.  The speed boost means that fewer networking switches are needed to perform the same task, Velaga said.",Bullish,0.85
2025-06-04,"Stock Market Today: Dow Jones Rises On Jobs Surprise, Trump Warning; Nvidia Rises, Apple Falls (Live Coverage)",DowJones,"Stock Market Today: Dow Jones Rises On Jobs Surprise, Trump Warning; Nvidia Rises, Apple Falls (Live Coverage)",Neutral,0.0
2025-06-04,Broadcom Earnings: What To Look For From AVGO,Yahoo,Fabless chip and software maker Broadcom (NASDAQ:AVGO) will be announcing earnings results tomorrow after the bell. Here’s what to look for.,Neutral,0.1
2025-06-04,Credo: Quietly Becoming AIs Favorite Cable Guy - Buy Call,SeekingAlpha,"Credo Technology Group Holding Ltd targets two hyperscalers & diversifies beyond Amazon, driving Q4 growth. Click for more on CRDOs AI-driven datacenter trends.",Neutral,0.0
2025-06-05,"Stocks to Watch Thursday: MongoDB, Broadcom, Humana, P&G",Yahoo,↗️ MongoDB (MDB): The software company raised its annual guidance after posting better-than-expected quarterly results. Shares jumped 16% in premarket trading. ↗️ Broadcom (AVGO): The AI chip maker is due to post quarterly results late Thursday.,Neutral,0.1
2025-06-05,"P&G layoffs, PVH cuts outlook, Broadcom: Trending Tickers",Yahoo,"Procter & Gamble (PG) has outlined plans to lay off 7,000 workers from its global workforce over the next two years. Clothing giant PVH (PVH) — which owns brands such as Calvin Klein and Michael Kors — is cutting its full-year outlook due to tariff pressures. Chipmaker Broadcom (AVGO) will post its fiscal second quarter results after Thursdays closing bell. To watch more expert insights and analysis on the latest market action, check out more Morning Brief here.",Neutral,0.1
2025-06-06,Astera Labs Stock Earns Composite Rating Upgrade,Yahoo,"Astera Labs stock saw an improvement in its IBD SmartSelect Composite Rating Thursday, from 94 to 96.  The revised score means the stock currently tops 96% of all other stocks in terms of key performance metrics and technical strength.  Is Astera Labs Stock A Buy?",Neutral,0.0
2025-06-06,Broadcom rides on AI chip demand to deliver upbeat revenue forecast,Yahoo,"Broadcom forecast third-quarter revenue above Wall Street estimates on Thursday, betting on strong demand for its networking and custom AI computing chips. However, the companys shares fell 4% in extended trading, after gaining about 12% this year, as the forecast failed to impress investors who have bet heavily on chip stocks, anticipating substantial growth driven by advancements in generative AI technology. Broadcom forecast third-quarter revenue of around $15.80 billion, compared with analysts average estimate of $15.71 billion, according to data compiled by LSEG.",Bullish,0.85
2025-06-10,QQQM: Taking A Deeper Look At This Nasdaq-100 ETF,SeekingAlpha,"The Invesco NASDAQ 100 ETF offers cost-efficient exposure to top innovative companies, especially in tech. Read more about QQQM ETF here.",Neutral,0.0
2025-06-11,Will AI-Driven Custom Silicon Drive MRVLs Q2 Revenues Beyond $2B?,Yahoo,Marvell Technology eyes a record-breaking Q2 sales as soaring demand for AI custom silicon drives data center revenue momentum.,Neutral,0.1
2025-06-11,Tracking RenTechs 13F Portfolio - Q1 2025 Update,SeekingAlpha,RenTechâs Q1 2025 13F portfolio value decreased slightly to $66.07B. Check out the significant stake increases and major reductions in the portfolio.,Neutral,0.0
2025-06-12,"Big Tech stocks like Nvidia, Microsoft help S&P 500 shake off early losses",MarketWatch,"Big Tech stocks like Nvidia, Microsoft help S&P 500 shake off early losses",Neutral,0.2
2025-06-12,"S&P 500 Gains and Losses Today: Nucor Stock Falls as US, Mexico Negotiate on Steel Tariffs",Yahoo,"The S&P 500 slipped 0.3% on Wednesday, June 11, as investors weighed softer-than-expected inflation data and progress on U.S.-China trade talks.",Neutral,0.0
2025-06-14,Broadcom Second Quarter 2025 Earnings: EPS Beats Expectations,Yahoo,Broadcom ( NASDAQ:AVGO ) Second Quarter 2025 Results Key Financial Results Revenue: US$15.0b (up 20% from 2Q 2024). Net...,Bullish,0.85
2025-06-20,Nvidia Stock Slips. What’s Driving Shares.,MarketWatch,Nvidia Stock Slips. What’s Driving Shares.,Neutral,0.0
2025-06-21,"Nvidia, AI Chip Stocks Pull Back As Investors Turn Cautious",Yahoo,Semiconductor stocks tied to the AI megatrend dipped on Friday as the second quarter nears its end. Nvidia stock was among the decliners.,Neutral,-0.25
2025-06-23,Lam Research Rallies 25% YTD: Is it Too Late to Buy the Stock?,Yahoo,"LRCX climbs 25.3% YTD as AI and data center demand boost growth, while its valuation stays appealing.",Neutral,0.0
2025-06-24,"Broadcom Stock, DoorDash Are Mutual Fund Darlings And Ready For Action",Yahoo,Broadcom stock is in the buy zone of a consolidation pattern. DoorDash is back near a level not seen since November 2021.,Bullish,0.65
2025-06-25,Marvell Technologys Secret Weapon? Custom Chips That Could Dominate The AI Race,SeekingAlpha,Marvells shift to data centers and custom ASICs drives growth amid hyperscaler demand.,Neutral,0.0
2025-06-25,Victory RS Global Fund Q1 2025 Commentary,SeekingAlpha,"The Victory RS Global Fund returned -4.75% (Class A Shares at net asset value) for the period, while its benchmark, the MSCI All Country World Index (net), returned - 1.32%.",Neutral,0.0
2025-06-27,Nvidia Stock Chasing 5-Day Winning Streak. The AI Trade Is Back.,Yahoo,"Nvidia  stock was edging up further Friday as traders returned to the artificial-intelligence trade after a period of  market turmoil and geopolitical tension.  Shares of the chip maker were up 0.8% to $156.31 in early trading, on track to rise for a fifth straight day.  It comes after Nvidia shares hit a record high Wednesday, surpassing  Microsoft  to reclaim the crown as the world’s most valuable company.",Neutral,0.2
2025-06-27,"Zacks Market Edge Highlights: SEI, MRVL, AVGO, ORCL and PGY",Yahoo,"Zacks names five rising AI stocks beyond NVIDIA, featuring SEI, MRVL, AVGO, ORCL, and PGY, with strong growth potential.",Neutral,0.5
2025-06-28,The tech rally is about a lot more than Magnificent 7 right now,Yahoo,Nvidia is the only member of the Magnificent Seven stocks among the top 20 best performers in the S&P 500 since the market bottomed on April 8.,Neutral,0.15
2025-07-01,Broadcoms AI Playbook Unfolds,Yahoo,ASIC deals and scale-up networking aim to challenge Nvidias grip,Bullish,0.75
2025-07-01,AMD: OpenAI Endorsement Is A Game Changer,SeekingAlpha,Advanced Micro Devices partnership with OpenAI and strong AI tailwinds make it an undervalued growth stock. Click here to see why AMD is a Buy.,Neutral,0.0
2025-07-03,Can Taiwan Semiconductor Stock Hit $270 in 2025?,Yahoo,Will TSM stock ride the AI wave all the way to Wall Street’s fresh Street-high target?,Neutral,0.0
2025-07-04,QCOM Shares Gain 28.2% in Three Months: How to Play the Stock?,Yahoo,"Qualcomm jumps 28.2% in three months on strong chip demand and innovation, but faces stiff competition and estimate cuts.",Neutral,0.0
2025-07-04,"XSD: Relative Strength Emerging In SMID Semis, Reiterate Buy Amid The AI Boom",SeekingAlpha,"XSD is a top pick for semiconductor exposure with strong SMID cap growth, AI trends, and robust technical momentum. Read more analysis here.",Neutral,0.15
2025-07-09,Broadcom Unleashes Tomahawk 6: 102.4 Tbps Chip Sets New Benchmark for AI Data Centers,Yahoo,"Broadcom Inc. (NASDAQ:AVGO) is one of the stocks that Donald Trump owns. In early June, Broadcom (AVGO) began shipping its Tomahawk 6 Ethernet switch, the most powerful chip of its kind yet. Built on a 3nm node and delivering a staggering 102.4 Tbps of bandwidth, the Tomahawk 6 is designed to serve AI hyperscale data centers and enable […]",Bullish,0.85
2025-07-10,"Dow climbs, Nasdaq slides as Big Tech struggles",MarketWatch,"Dow climbs, Nasdaq slides as Big Tech struggles",Neutral,0.0
2025-07-10,"These Stocks Are Moving the Most Today: Nvidia, Delta, WK Kellogg, Freeport-McMoRan, Nurix, and More",Yahoo,"Nvidia extends gains after closing Wednesday with a market capitalization of $3.974 trillion, the highest market value for any company on record, while Delta’s earnings beat analysts’ estimates.",Neutral,0.0
2025-07-11,Big Tech Needs a Way Out of Its AI Cost Spiral. These 2 Stocks Could Benefit.,Yahoo,"Amazon, Google, Microsoft and Meta hope custom chips can slow their pace of AI spending. Enter chip designers Broadcom and Marvell Technology.",Bullish,0.65
2025-07-12,Prediction: 2 Artificial Intelligence (AI) Stocks That Could Be Worth More Than Apple by 2030,Yahoo,"Apples growth is slowing down.  Broadcoms XPU is becoming a popular alternative for AI computing.  Apple (NASDAQ: AAPL) is flirting with that line, as its artificial intelligence (AI) strategy has largely underperformed and lags behind its peers in this arena.",Neutral,0.45
2025-07-14,China Clears Synopsys’s $35 Billion Ansys Buyout in US Win,Yahoo,"(Bloomberg) -- Synopsys Inc. has secured China’s approval to buy out Ansys Inc. for $35 billion, a major win for a company regarded as key to helping sustain US dominance of certain aspects of semiconductor technology.Most Read from BloombergWhy Did Cars Get So Hard to See Out Of?How German Cities Are Rethinking Women’s Safety — With TaxisPhiladelphia Reaches Pact With Workers to End Garbage StrikeAdvocates Fear US Agents Are Using ‘Wellness Checks’ on Children as a Prelude to ArrestsThe State A",Neutral,0.0
2025-07-14,Prediction: Taiwan Semiconductor Manufacturing Stock Is the Safest AI Chip Bet,Yahoo,"TSMC has become the undisputed foundry leader.  Taiwan Semiconductor Manufacturing (NYSE: TSM) may not design artificial intelligence (AI) chips, but its a company that every AI chipmaker relies on.  The AI giants rely on TSMC to manufacture their number-crunching chip designs.",Neutral,0.0
2025-07-15,Broadcom launches new Tomahawk Ultra networking chip in AI battle against Nvidia,Yahoo,"SAN FRANCISCO (Reuters) -Broadcoms chip unit unveiled on Tuesday a new networking processor that aims to speed artificial intelligence data crunching, which requires stringing together hundreds of chips that work together.  The new chip is the latest piece of hardware that Broadcom has brought to bear against rival AI giant Nvidia.  Broadcom helps Alphabets Google produce its AI chips, which are perceived by developers and industry experts as one of the few viable alternatives to Nvidias powerful graphics processors (GPUs).",Bullish,0.8
2025-07-15,Parnassus Growth Equity Fund Q2 2025 Commentary,SeekingAlpha,"Parnassus Growth Equity Fund (Investor Shares) returned 18.97% (net of fees) during the quarter, outperforming the Russell 1000 Growth Indexâs 17.84%. Read more here.",Neutral,0.0
2025-07-20,5 Artificial Intelligence (AI) Infrastructure Stocks Powering the Next Wave of Innovation,Yahoo,Demand for AI computing power could push data center spending to nearly $7 trillion by 2030.,Neutral,0.3
2025-07-24,Analyst Explains Why He’s Bullish on Broadcom (AVGO) Amid AI Agent Revolution,Yahoo,"Broadcom Inc (NASDAQ:AVGO) is one of the 10 Stocks to Buy and Sell in 2025: Top Analyst Calls. Ben Reitzes, Melius Research managing director, recently said in a program on CNBC that AI chip companies will benefit in the future amid an increase in the usage of LLMs and inference. He thinks “seat-based” business models […]",Bullish,0.7
2025-07-24,Nvidia Stock Rises. It Got Good News From Google and Trump.,Yahoo,Nvidia was gaining after Google raised its capital expenditure forecast and President Donald Trump signed executive orders to boost AI deployment.,Neutral,0.25
2025-07-25,Europes CISPE challenges Broadcoms $69 billion VMware deal in EU court,Yahoo,"The Cloud Infrastructure Services Providers in Europe, or CISPE, has filed a formal appeal before the European General Court seeking an annulment of the European Commissions approval of the deal, the organisation said on Thursday.  Broadcom had wrapped up the purchase of VMWare in November 2023, after intense scrutiny from regulators globally forced the company to delay the closing date thrice.",Bearish,-0.7
2025-07-25,"Dow Jones Futures Rise; S&P 500 Hits High As Google Lifts AI Giants, Tesla Plunges",Yahoo,The stock market was mixed as Google lifted AI giants and Tesla dived. President Trump and Federal Reserve Chairman Jerome Powell disagreed.,Neutral,0.2
2025-07-29,Franklin Growth Fund Q2 2025 Commentary,SeekingAlpha,Franklin Growth Fund outperformed its S&P 500 Index benchmark in the second quarter of 2025. Read more here.,Neutral,0.0
2025-07-29,ClearBridge Appreciation Portfolios Q2 2025 Commentary,SeekingAlpha,"The ClearBridge Appreciation Portfolios showed strong upside participation in the S&P 500 Indexâs rally in the second quarter, trailing the benchmark modestly.",Neutral,0.0
2025-07-30,Is Broadcom (AVGO) a Smart Long-Term Investment?,Yahoo,"Parnassus Investments, an investment management firm, released its “Parnassus Value Equity Fund” second-quarter 2025 investor letter. The fund focuses on owning a concentrated portfolio of U.S. large-cap stocks. The full letter is available for download here. For the second quarter of 2025, the fund reported a net return of 7.24%, outperforming its benchmark, the Russell 1000 […]",Neutral,0.55
2025-07-30,"Stock Market Today: Dow Falls 200 Points, Nasdaq Ends Win Streak; Nvidia Makes This Move (Live Coverage)",DowJones,"Stock Market Today: Dow Falls 200 Points, Nasdaq Ends Win Streak; Nvidia Makes This Move (Live Coverage)",Neutral,0.0
2025-07-30,Nvidia (NVDA) Ignites Rally Ahead of Microsoft and Meta Earnings,Yahoo,Investors Bet on Nvidias AI Lead Before Key Earnings Reports,Neutral,0.2
2025-08-01,Arista Networks Inc (ANET) Acquires VeloCloud Assets to Power Next-Gen AI Networking,Yahoo,"We recently compiled a list of the 10 Best Strong Buy Tech Stocks to Buy. Arista Networks Inc stands eighth on our list. Arista Networks Inc (NYSE:ANET), a key player in cloud and AI-driven networking, has strengthened its portfolio by acquiring Broadcom’s VeloCloud SD-WAN assets. This move enhances the company’s capabilities in cognitive branch networking, […]",Bearish,-0.3
2025-08-05,Ambiq Micros IPO Could Signal the Next Wave of AI-Driven Chip Stocks,Yahoo,"AI has been growing by leaps and bounds, but some believe it has a power problem. Ambiq might have the solution.",Neutral,0.0
2025-08-07,"Trending tickers: Apple, Shopify, Duolingo, Airbnb, Deliveroo",Yahoo,The latest investor updates on stocks that are trending on Thursday.,Neutral,0.0
2025-08-09,Forget the Magnificent Seven. Its Time to Start Talking About the Ten Titans.,Yahoo,The megacap all-star team is long overdue for an expansion.,Neutral,0.15
2025-08-10,Wells Fargo Stays Bullish on Apple (AAPL) Amid $100B U.S. Expansion Plan,Yahoo,"Apple Inc. (NASDAQ:AAPL) is one of the Hot AI Stocks on Wall Street’s Radar. On August 7, Wells Fargo analyst Aaron Rakers reiterated an Overweight rating on the stock with a $245.00 price target. The rating affirmation follows Apple’s recent announcement that it is increasing its investment in the United States by $100B to $600B over […]",Neutral,0.0
2025-08-11,RGA Investment Advisors Q2 2025  Investment Commentary,SeekingAlpha,"RGA Investment Advisors reflects on a volatile Q2, spotlighting bold portfolio moves and fresh buys. See how conviction shaped their strategy; read the full letter.",Neutral,0.0
2025-08-14,IT Departments Are Overloaded With Busy Work. Can AI Change That?,Yahoo,"The startup XOPS is using artificial intelligence and ‘knowledge graphs’ to build a new platform for automating corporate IT departments, promising to get rid of ‘human middleware.’",Neutral,0.0
2025-08-14,Jim Cramer on Broadcom: “It’s Been One of My Best”,Yahoo,"Broadcom Inc. (NASDAQ:AVGO) is one of the stocks Jim Cramer commented on. A caller asked what Cramer thought of the company and its CEO. In response, he said: “Broadcom didn’t want to, you know, quietly, it’s been one of my best, but you know what? I’d like to thank Hock E. Tan, he, the CEO, […]",Bullish,0.55
2025-08-15,3 AI chip stocks that are best positioned right now,Yahoo,"With chipmaker stocks in focus on recent news like Trumps Nvidia deal and Intel CEO Lip-Bu Tans White House meeting, KeyBanc Capital Markets equity research analyst John Vinh shares his top AI chip plays for the near term. To watch more expert insights and analysis on the latest market action, check out more Market Domination Overtime.",Bullish,0.6
2025-08-16,"Billionaire George Soros supercharges Nvidia stake, loads up on AI plays",Yahoo,Soros Capital appears to be positioning for the next leg of the AI boom.,Neutral,0.0
2025-08-17,2 Artificial Intelligence (AI) Stocks the U.S. Government Is Actively Backing in 2025,Yahoo,"The U.S. government is investing heavily in AI technology, particularly in software.",Neutral,0.0
2025-08-18,"ASML Stock Trades at a Discount: Should You Buy, Sell or Hold?",Yahoo,"ASML trades at a discount, but cautious guidance, a weak 2026 outlook and trade headwinds weigh on the stocks appeal.",Neutral,0.0
2025-08-20,Why Hims & Hers Health (HIMS) Stock Is Falling Today,Yahoo,Shares of telehealth company Hims & Hers Health (NYSE:HIMS) fell 6.4% in the afternoon session after investors took some profits off the table as markets awaited signals on future monetary policy from the Federal Reserves Jackson Hole symposium later in the week.,Neutral,0.0
2025-08-20,Mix of Bullish Forces Boosted Broadcom (AVGO) in Q2,Yahoo,"Baron Funds, an investment management company, released its “Baron Opportunity Fund” second-quarter 2025 investor letter. A copy of the letter can be downloaded here. In the second quarter, the fund posted solid returns, rising 23.27% (Institutional Shares), exceeding the Russell 3000 Growth Index’s (the Benchmark) 17.55% gain and the S&P 500 Index’s 10.94% gain. The […]",Bullish,0.65
2025-08-21,Will Credos Strong Cash Position Aid in Capturing AI Opportunities?,Yahoo,"CRDO ends FY25 with $431.3 million in cash. It expects FY26 revenues to top $800 million, fueled by AI-driven connectivity demand.",Neutral,0.0
2025-08-21,AI Fatigue Hits Tech Biggies: Inverse ETFs in Focus,Yahoo,"AI stocks stumbled this week, short sellers won big. Inverse ETFs like SQQQ, TECS, BERZ & QID shone as investors hedged against the AI trade.",Neutral,-0.2
2025-08-21,Market Storm Incoming: Why VIG Is Not A Good Dividend ETF Right Now,SeekingAlpha,Discover why VIGs strong history may not shield it from brewing market storms.,Neutral,0.0
2025-08-21,Short sellers reap over $5 billion on Big Tech bets as AI fears roil market,Yahoo,"As the market has rotated away from Big Tech and AI heavyweights over the past few days, short sellers who bet against the AI and Big Tech trade have reaped the rewards.",Neutral,-0.3
2025-08-22,Nvidia Stock Rises. It Still Has AI Chip Problems in China but CEO Says Demand Is Strong,Yahoo,Nvidia stock was rising along with most of the market. CEO Jensen Huang said Friday that the company’s H20 chip in China ”has no security back doors.”,Neutral,0.2
2025-08-28,Nutanix: What To Make Of The Q4 Results,SeekingAlpha,Nutanix Q4 results reveal modest beats but cautious Q1 guidance.,Neutral,0.0
2025-08-28,Prediction: 1 Artificial Intelligence (AI) Stock Will Be Worth More Than Palantir Technologies and Amazon Combined by 2030,Yahoo,"Palantir is one of the most valuable software businesses in the world, while Amazon remains a trillion-dollar giant.",Neutral,0.0
2025-08-29,How Is Broadcoms Stock Performance Compared to Other Semiconductor Stocks?,Yahoo,"Broadcom has outpaced its semiconductor peers over the past year, and Wall Street analysts hold a strongly bullish view of the company’s future growth prospects.",Bullish,0.7
2025-08-30,4 Ten Titans Stocks Are Already in the Dow Jones. Could the Rest Join by 2030?,Yahoo,Megacap growth stocks are making an impact on traditionally blue-chip indexes like the Dow Jones Industrial Average.,Neutral,0.0
2025-08-30,3 Red-Hot Growth Stocks to Buy in 2025,Yahoo,These three AI stocks have huge growth potential.,Neutral,0.25
2025-09-01,Fortune 500 Giants Turn to Broadcom’s (AVGO) VMware Cloud Foundation for AI Workloads,Yahoo,"Broadcom Inc. (NASDAQ:AVGO) is one of the AI Stocks Investors Should Keep on Their Radar. On August 26, the company announced that VMware Private AI Services will become a standard component of VMware Cloud Foundation 9.0, making the VMware Cloud Foundation an AI native platform. The general availability of the VCF 9.0 will allow customers to […]",Bullish,0.8
2025-09-01,"Broadcom Inc. (AVGO) Makes AI ASICs, Says Jim Cramer",Yahoo,We recently published Jim Cramer Just Couldn’t Stop Talking About These 13 Stocks. Broadcom Inc. (NASDAQ:AVGO) is one of the stocks Jim Cramer recently discussed. Broadcom Inc. (NASDAQ:AVGO) is a semiconductor firm known for its smartphone and data center products. The shares have gained 27% year-to-date as they have benefited from the bullishness surrounding AI. […],Bullish,0.6
2025-09-02,"Morgan Stanley Raises PT on Astera Labs (ALAB) to $200 From $155, Keeps an Overweight Rating",Yahoo,"Astera Labs, Inc. (NASDAQ:ALAB) is one of the best hot large cap stocks to buy according to hedge funds. On August 29, Morgan Stanley analyst Joseph Moore raised the firm’s price target on Astera Labs, Inc. (NASDAQ:ALAB) to $200 from $155, keeping an Overweight rating on the shares. The analyst told investors that the rack […]",Neutral,0.0
2025-09-03,Earnings Could Power Further Stock Market Gains. Broadcom’s Report Is One to Watch.,Yahoo,"U.S. stocks could extend their impressive bull market run well into next year even if the economy shows signs of tariff fatigue as companies continue to generate solid profit growth and with the Federal Reserve expected to lower benchmark borrowing costs.  Corporate earnings, in fact, are likely to remain the key plank in the broader bull market thesis over the coming months.",Neutral,0.2
2025-09-05,"Jobs, Federal Reserve Views Boost Wall Street Pre-Bell; Asia, Europe Up",Yahoo,"Wall Street futures pointed mostly higher pre-bell Friday, as traders anticipated another soft jobs",Neutral,0.0
2025-09-05,Broadcom (AVGO) Remains a Top Pick as Cantor Fitzgerald Lifts Price Target to $350,Yahoo,"Broadcom Inc. (NASDAQ:AVGO) is one of the AI Stocks Analysts Are Backing Right Now. On September 2, Cantor Fitzgerald analyst C.J. Muse raised the price target on the stock to $350.00 (from $300.00) while maintaining an Overweight rating. Broadcom remains a “Top Pick” for the firm. Cantor anticipates a modest beat and raise driven by upside […]",Bullish,0.85
2025-09-08,The Nasdaq Hit a Fresh Record. The AI Trade Is Back On.,Yahoo,"The Nasdaq Composite hit its highest level on record and was on track for a fresh closing high on a mixed Monday for the broader market.  The S&P 500 was up 0.4%, but only because of contributions from Broadcom, Lam Research, Palantir Technologies, Nvidia, among other AI-linked stocks; roughly 318 stocks in the index were trading down on the day.  The Dow was up 52 points, or 0.1%, after bouncing between small gains and losses.",Neutral,0.4
2025-09-08,"Celestica (CLS) Climbs 24.6%, Rides Broadcom Boom",Yahoo,"We recently published 10 Big Names With Double-Digit Upsides. Celestica Inc. (NYSE:CLS) is one of last week’s top performers. Celestica saw its share prices soar by 24.6 percent week-on-week, as investor optimism from semiconductor giant Broadcom Inc. spilled over to its stock. During the trading week, Celestica Inc. (NYSE:CLS) rallied for four straight days to […]",Neutral,0.2
2025-09-11,"Broadcom and Penguin Solutions Shares Skyrocket, What You Need To Know",Yahoo,"A number of stocks jumped in the afternoon session after software giant Oracle (ORCL) boosted its outlook, citing booming demand for its cloud services from artificial intelligence firms.",Bullish,0.7
2025-09-11,Broadcom ties its fate to a massive AI gamble,Yahoo,This is the boldest wager yet for major chipmaker Broadcom.,Neutral,0.1
2025-09-13,Wall Street Rushes to Boost S&P 500 Targets. The Runaway AI Train Keeps Rolling Along.,Yahoo,"According to FactSet, the consensus target for the S&P 500 over the next 12 months is a shade below 7245. That’s up from a target of about 6600 in May.",Neutral,0.2
2025-09-14,Silvaco Group Appoints Semiconductor Veteran Chris Zegarelli as Chief Financial Officer,Yahoo,"Silvaco Group Inc. (NASDAQ:SVCO) is one of the best IPO tech stocks to buy now. On September 4, Silvaco Group announced the appointment of Chris Zegarelli as its new Chief Financial Officer, following a comprehensive search. His appointment is effective as of September 15. Zegarelli will serve as a senior member of the executive team […]",Neutral,0.0
2025-09-17,Dan Niles Says Nvidia (NVDA) Data Center Miss Should Not Be Ignored,Yahoo,"We recently published 10 Stock News You Should Pay Attention To. NVIDIA Corporation (NASDAQ:NVDA) is one of the stocks to watch in September. Dan Niles from Niles Investment Management, in a recent program on CNBC, reiterated his concerns about a potential slowdown in AI demand. This time, Niles highlighted Nvidia’s data center miss in its […]",Neutral,-0.2
2025-09-19,Wall Street Roundup: We Need To Talk About Intel,SeekingAlpha,"We need to talk about Intel (and Nvidia). FedEx earnings, macro worries.",Neutral,0.0
2025-09-19,Intel Stock Soars 26% After Nvidia Invests in Chip Maker. What’s In It for Nvidia?,Yahoo,"Nvidia  said Thursday it would invest $5 billion in  Intel  at a purchase price of $23.28 a share as part of an agreement that will see the technology companies co-develop “multiple generations of custom data center and PC products.”  Intel  shares soared 26% to $31.27 following the announcement while  Nvidia  rose 3.1%.  Under the terms of the partnership, Intel will build custom central processing units that Nvidia will integrate into its artificial-intelligence infrastructure platforms and offer to the market.",Neutral,0.0
2025-09-23,3 Bull Put Spread Ideas to Capitalize on the AI Driven Bull Market,Yahoo,"The market continues to show some encouraging signs and if that continues, bull put spread trades could do well.",Neutral,0.0
2025-09-24,Nvidias $100 Billion OpenAI Pact Buys Time in the Custom Chip Race,Yahoo,The AI infrastructure deal locks in near-term dominance while both companies hedge their bets.,Neutral,0.1
2025-09-24,"Zacks Investment Ideas feature highlights: Nvidia, Broadcom, CoreWeave, Dell Technologies and Oracle",Yahoo,"Nvidias $100B bet on OpenAI sparks AI stock rallies, fuels AGI ambitions, and raises buzz of a trillion-dollar IPO.",Bullish,0.65
2025-09-25,Broadcom and AMD Are Set to Share This Much of the $475 Billion AI Chip Market by 2030,Yahoo,Broadcom and Advanced Micro Devices are fighting it out to be second in AI chips behind Nvidia. Analysts at Susquehanna think one is a clear favorite to take the silver medal.,Bullish,0.75
2025-09-25,ALAB Rides on Strong Demand for PCIe Solution: A Sign of More Upside?,Yahoo,"Astera Labs benefits from strong PCIe demand, rapid adoption of the Scorpio switch and an expanded partnership with NVIDIA.",Neutral,0.0
2025-09-29,"Got $5,000? 5 Tech Stocks to Buy and Hold for the Long Term",Yahoo,Demand for artificial intelligence hardware and services isnt slowing down. These companies are already tapping into it.,Neutral,0.4
2025-09-30,Nvidia Stock Edges Up. Can It Keep Its Lead Over AMD?,Yahoo,"Nvidia has dominated the AI chip race and it is planning to further distance itself from AMD, according to KeyBanc analyst John Vinh.",Neutral,0.0
2025-09-30,"AI-Fixated Traders Pile Into Teradyne, Other Obscure Chip Stocks",Yahoo,"Teradyne Inc., a provider of tools used for testing chips during the manufacturing process, has nearly doubled from an April low and is up more than 40% since late July.  Meanwhile, Lam Research Corp. and KLA Corp. — two of the biggest US makers of machines used to produce semiconductors — are the fourth- and sixth-best performing stocks, respectively, in the 30-member Philadelphia Stock Exchange Semiconductor Index this year with gains of more than 68%.",Neutral,0.2
2025-09-30,The MaM Portfolio: 2025 Q3 Update,SeekingAlpha,"We run a highly concentrated portfolio of high-quality companies from around the world and some Bitcoin, which we share openly every quarter here on Seeking...",Neutral,0.0
2025-10-01,Microsoft Uses Microfluidics Tech to Outpace AI Chip Rivals,Yahoo,"MSFTs microfluidics breakthrough cools chips three times better than cold plates, boosting AI performance and data center efficiency.",Neutral,0.0
2025-10-01,Data Center Reality: Whispers From Data Center Alley,SeekingAlpha,The data center sector faces varied competition with multiple strategies. Read more on where the action is taking place for this key sector.,Neutral,0.0
2025-10-02,3 Red-Hot Growth Stocks to Buy in 2025,Yahoo,Investing in AI leaders could be a smart move.,Neutral,0.25
2025-10-02,"Why Nvidia, Broadcom and other high-flying stocks are especially risky now",Yahoo,"Momentum stocks in highflying sectors are vulnerable to a downturn, even if the market doesn’t crash.",Neutral,-0.35
2025-10-03,"Apple downgraded, Alibaba upgraded: Wall Streets top analyst calls",Yahoo,"Apple downgraded, Alibaba upgraded: Wall Streets top analyst calls",Neutral,0.0
2025-10-03,"Technology Helps Push S&P 500, Nasdaq Composite to Fresh Records as Partial Shutdown Enters 2nd Day",Yahoo,US equity indexes traded mixed after the S&P 500 and Nasdaq Composite scaled new peaks in midday tra,Neutral,0.2
2025-10-03,"Mortgage rates higher, chips rally on OpenAI news, Rivian plunges",Yahoo,"Yahoo Finance Senior Reporter Allie Canal tracks Thursdays top moving stocks and biggest market stories in this Market Minute. Mortgage rates are ticking higher, with the 30-year fixed rate at 6.34%, according to data from Freddie Mac (FMCC). Chip stocks are rallying, with Nvidia (NVDA) momentarily touching an intraday high. Rivian (RIVN) stock is under pressure despite strong delivery numbers last quarter. Stay up to date on the latest market action, minute-by-minute, with Yahoo Finances Market Minute.",Neutral,0.2
2025-10-03,"Nvidia Returns, Palantir Remains As Top Funds Bet Big Dinero Here",Yahoo,"The best mutual funds load up on names Nvidia, Palantir, Alphabet, AppLovin and more. But thats just the start.",Neutral,0.1
2025-10-03,U.S. Stocks Open Higher as Shutdown Enters Day Three,Yahoo,"STOCKS  Stocks inched higher early Friday, even as the government shutdown enters a third day. The September jobs report, originally slated for Friday morning, is delayed due to the shutdown. Traders have raised bets on a lengthy stoppage.",Neutral,0.0
2025-10-03,Dow Jones Futures Rise; AI Stocks In Buy Areas As Tesla Sells The News,Yahoo,The S&P 500 and Nasdaq edged up to fresh all-time highs. Broadcom flashed a buy signal as hot stocks surged. Tesla fell despite record deliveries.,Bullish,0.7
2025-10-04,Astera Labs Battles Nvidia And Broadcom As AI Chip Market Heats Up,Yahoo,"Astera Labs, Inc. (NASDAQ:ALAB), an AI connectivity specialist, faces a critical market juncture as competition intensifies and lofty valuations test investor patience. While the company is positioned to tap multi-billion-dollar opportunities with next-generation PCIe and UALink chips, potentially driving billions in content revenue from major cloud clients, its shares have pulled back amid concerns that much of this growth is already priced in. Bank of America analyst Vivek Arya initiated cover",Neutral,-0.1
2025-10-06,Nvidia Stock Drops. It Isn’t the Only Chip Maker With a Big OpenAI Deal.,Yahoo,"AMD announced a partnership with OpenAI on Monday, which could challenge Nvidias AI chip dominance.",Neutral,0.0
2025-10-06,"ETG: Low Yield Relative To Peers, But Strong Historical Performance",SeekingAlpha,The Eaton Vance Tax-Advantaged Global Dividend Income Fund offers a 7.23% yield from a global equity portfolio. Read why ETG CEF is a Hold.,Neutral,0.0
2025-10-06,Oracle vs JPMorgan Chase: Which Will Be the Next $1 Trillion Stock?,Yahoo,"Both Oracle and JPMorgan Chase have large market caps, but operate in very different sectors.",Neutral,0.0
2025-10-07,Could Broadcom Benefit from the OpenAI AMD Deal? AVGO Stock Could Be Cheap Here,Yahoo,"Broadcom could benefit from OpenAIs diversification away from its sole reliance on Nvidia with its new AMD deal. Its possible, especially after the Sept. 4 OpenAI deal with Broadcom. AVGO stock could be an alternative play.",Bullish,0.65
2025-10-08,The AI Bubble Is Here. Why You Can Still Play the Stocks.,Yahoo,"Seaport Global analyst Jay  Goldberg is firmly in the bubble camp.  While chips are a critical part of the AI chain, he’s not sure that the business cycles are synced: “So saying that ASML,  Applied Materials Lam Research  and  KLA  are AI stories is a bit of stretch, but AI is definitely one of many important drivers of their business.”",Neutral,-0.2
2025-10-08,Goldman’s Oppenheimer Dismisses Bubble Fears in US Tech Stocks,Yahoo,"“Valuations of the technology sector are becoming stretched but not yet at levels consistent with historical bubbles,” Oppenheimer and his team wrote in a note.  Still, the strategist reiterated his recommendation that investors seek diversification to avoid risks around a narrow US stock rally and higher competition in the artificial intelligence space.",Neutral,0.2
2025-10-09,My Dividend Stock Portfolio: New September Dividend Record - 100 Holdings With 13 Buys,SeekingAlpha,"Discover Septembers top stock gains, AI-driven strategies, and high-yield BDC investments to boost passive income.",Neutral,0.0
2025-10-09,Josh Brown Explains Why NVIDIA (NVDA) ‘Still The Most Obvious’ Stock to Play AI Trade,Yahoo,We recently published Top 10 Stock Recommendations You Can’t Miss Amid Growing AI Bubble Fears. NVIDIA Corp (NASDAQ:NVDA) is one of the top recommended stocks. Josh Brown from CNBC recently said in a program that NVIDIA Corp (NASDAQ:NVDA) remains the best way to play the AI trade despite the stock’s bull run. He said most […],Neutral,-0.25
2025-10-09,"Nvidia–xAI boosts chip stocks, Equifax strikes back against FICO",Yahoo,"Yahoo Finance anchor Julie Hyman outlines three of Wednesdays top stories on Wall Street as part of Yahoo Finances Market Minute. Chip stocks continue to rise on Bloomberg reports — now confirmed by Nvidia (NVDA) CEO Jensen Huang — that Nvidia is among the investors financing the latest funding round for Tesla (TSLA) CEO Elon Musks artificial intelligence (AI) company, xAI (XAAI.PVT). Equifax (EFX) stock surges after the company cut its credit score data prices, striking back against FICO (FICO). AST Spacemobile (ASTS) stock skyrockets on news of the companys deal with Verizon (VZ). Stay up to date on the latest market action, minute-by-minute, with Yahoo Finances Market Minute.",Neutral,0.2
2025-10-09,FQAL: 2 Competitors Are More Compelling,SeekingAlpha,"FQAL offers solid quality exposure with 128 stocks and stable dividends, but lags peers like JQUA and SPHQ in key metrics. Find out why FQAL ETF is a hold.",Neutral,0.0
2025-10-10,"KeyBanc Reaffirms Buy on Broadcom (AVGO) Ahead of Earnings, Citing Strong AI Demand",Yahoo,"Broadcom Inc. (NASDAQ:AVGO) is one of the Trending AI Stocks on Wall Street’s Radar. On October 6, KeyBanc reiterated an Overweight rating and $420.00 price target on the stock. The rating affirmation comes ahead of the company’s fiscal fourth-quarter 2025 earnings report. KeyBanc anticipates Broadcom to deliver higher results for the October quarter and provide stronger […]",Bullish,0.8
2025-10-11,1 Super Artificial Intelligence (AI) Stock to Buy Before It Skyrockets (Hint: Its Not Nvidia or Broadcom),Yahoo,The improving demand for this chip designers architecture could send its revenue and profits soaring in the long run.,Neutral,-0.2
